(349 12215 1117 517 446.7461752960517 442.0290468900326 442.02904318468467 447.34632234365927 error 448.63347654578746 error 448.0793688642268 error error error error -49941.26873841583 -49941.268768485104 -49941.2674742146 -49396.69022024718 error -48715.4400440268 error -49044.52394599319 error error error error 128.05869880215937 128.05869880215937 128.0587070721513 131.32232800466204 error 134.63915003062286 error 133.04169069729753 error error error error error error error error error error error error error error error error 88.73292342661526 0.0007448054255695026 7.544700663538425e-14 1.0942429321723102e-13 error 1.2077083424104233e-13 error 1.323175333305022e-13 error error error error 1011.3217336936941 0.008973302420593188 1.0449974219284286e-12 1.3706813462022183e-12 error 1.5718537582642966e-12 error 1.6686652060116103e-12 error error error error , Any[], Any[])
(349 12215 1117 517 446.9536379468053 442.02928462818915 442.0292296759773 447.29911269122556 error 449.6633795105598 error 447.9394239315001 error error error error -49941.26873850224 -49941.26894708282 -49941.26679736183 -49533.965242331906 error -48691.79791474121 error -49165.44123513597 error error error error 128.0586980510013 128.0586980510013 128.05870484464833 130.3794599383551 error 134.7398388941129 error 132.29935398937096 error error error error error error error error error error error error error error error error 93.03635748826524 0.007411260752796818 1.0397884704364827e-13 1.2858970967514324e-13 error 1.400649201332773e-13 error 1.339295309590658e-13 error error error error 1068.8099504476997 0.0975999358677318 1.0502154701441668e-12 1.48991929904696e-12 error 1.6657786261475849e-12 error 1.5920598173124745e-12 error error error error , Any[], Any[])
(349 12215 1117 1205 461.66810179275603 456.99845912135555 456.99845774447203 462.10980420144125 error 463.0633700064217 error 463.2765269640342 error error error error -61870.48689944306 -61870.48686124832 -61870.48638504731 -61427.015544688256 error -60856.81646604355 error -61018.585379694174 error error error error 179.23658969452381 179.23658969452381 179.23659143312082 181.15322627258863 error 183.14831347272693 error 182.66952771917474 error error error error error error error error error error error error error error error error 77.22184500855901 0.0008823785306539589 1.5169335974283979e-13 1.8651786464482793e-13 error 1.8972058102480985e-13 error 1.9017689409682178e-13 error error error error 919.1846371338547 0.008701748970276313 1.2114753644709708e-12 1.5412116027846423e-12 error 1.5731860258938468e-12 error 1.6500134591979077e-12 error error error error , Any[], Any[])
(349 12215 1117 1205 461.5326915169519 456.9984820415996 456.9984837624052 461.7164373936155 error 463.7300940884464 error 462.257554035672 error error error error -61870.48689952508 -61870.48610840099 -61870.48114292418 -61341.16351907076 error -60682.726460229416 error -61045.94705877885 error error error error 179.2365913905433 179.2365913905433 179.2366111090835 181.47533003535932 error 183.84518526286928 error 182.52500763334422 error error error error error error error error error error error error error error error error 85.52822722699823 0.006314556906891902 7.566477396808566e-14 9.805903061502618e-14 error 1.0852939734134092e-13 error 1.0832386369646196e-13 error error error error 980.7829385469066 0.08633291867494286 9.823253321883385e-13 1.3213874439088613e-12 error 1.4883649868124849e-12 error 1.4719336860480325e-12 error error error error , Any[], Any[])
(349 12215 1117 3701 506.8446025958256 504.11582113709284 504.1158185024357 506.6336157234311 504.11581220223087 508.24253547073664 504.11582242430393 507.47343362744294 error error error error -111473.5761024365 -111473.57618906003 -111473.57325389914 -110953.8867110381 -111473.57610204862 -110683.90435918517 -111473.57610225663 -110950.84790879652 error error error error 324.7338606208412 324.7338606208412 324.73386680766686 326.00610963028925 324.7338609470238 326.391310637616 324.7338606099868 325.84747018969995 error error error error error error error error error error error error error error error error 67.40010189856419 0.0012473429862454488 7.939243584931286e-14 1.0883946155170226e-13 8.477430674405301e-14 1.2222582378628528e-13 9.542526744179191e-14 1.1068561641388538e-13 error error error error 659.7653152417795 0.008637836808818578 1.0150769114147806e-12 1.3780088181647443e-12 1.0834666497316903e-12 1.496580637194711e-12 1.2277956429329606e-12 1.4304113449270517e-12 error error error error , Any[], Any[])
(349 12215 1117 3701 507.11080693049615 504.11594980853494 504.11583515620504 506.46996913311176 504.11595135925876 509.1416261266908 504.11591199766724 508.0265748429457 error error error error -111473.57610253492 -111473.57768489265 -111473.53790414319 -110579.8922369452 -111473.57608084661 -110198.41875167655 -111473.57608571071 -110624.25739113688 error error error error 324.73385945608504 324.73385945608504 324.73395791883587 326.95462789116056 324.7338639342522 327.3889350517679 324.73386146013456 326.59118475290677 error error error error error error error error error error error error error error error error 88.14533665464029 0.006985921810770274 1.793051087256629e-13 1.7224622730998435e-13 1.82363653778564e-13 1.9933744463609471e-13 1.890602566739763e-13 1.8442405202865944e-13 error error error error 886.2483284232433 0.08854568365541304 1.247890679678676e-12 1.4770407119613083e-12 1.4264145420384011e-12 1.7852386235972517e-12 1.3575807145116414e-12 1.659117287999834e-12 error error error error , Any[], Any[])
(349 12215 1117 4949 531.5320171428754 528.8384988336534 528.8384844032831 531.1519321921035 528.8385100960968 532.5754346776263 528.8385067442199 531.6612799614057 error error error error -136853.1315019816 -136853.13159312803 -136853.12582952908 -136103.0301210953 -136853.13150170454 -135822.57167451375 -136853.13150178222 -136118.35664648606 error error error error 369.6739716489849 369.6739716489849 369.6739830203758 371.232687864074 369.67397150858193 371.67102096645965 369.67397157364127 371.15737057179336 error error error error error error error error error error error error error error error error 70.25181861221256 0.0007485338689693938 1.754015088836814e-13 1.7374050344776262e-13 1.8793450073924376e-13 1.6525191427412293e-13 1.8403068543798582e-13 1.7603754534260472e-13 error error error error 699.6493944821004 0.007805323671243258 1.2386203174230559e-12 1.4548362514688051e-12 1.4269141423994824e-12 1.6981971384666394e-12 1.4615531007677873e-12 1.695532603207539e-12 error error error error , Any[], Any[])
(349 12215 1117 4949 531.5317271022687 528.8386538447592 528.8385317933315 530.9095622703276 528.8386828328121 532.7268898486318 528.8387264999121 532.121501971016 error error error error -136853.131502062 -136853.12999766826 -136853.0858655787 -136046.60269162196 -136853.1314906023 -135881.48354873937 -136853.1314926943 -136206.61645702942 error error error error 369.6739734500236 369.6739734500236 369.6740608408854 371.39355989768654 369.6739669546949 371.4233942270371 369.673967706796 370.85342945025366 error error error error error error error error error error error error error error error error 69.92706829313556 0.005753150537851019 9.180074290861038e-14 1.1688639753599403e-13 1.1687548270254162e-13 1.4675720646554421e-13 1.0029517862325586e-13 1.2600243877988268e-13 error error error error 704.7154687923669 0.0708376623988678 1.1506351427215122e-12 1.410649375088724e-12 1.3761214390228815e-12 1.8407497748285095e-12 1.2984058272991206e-12 1.5876189252139739e-12 error error error error , Any[], Any[])
(349 12215 2316 517 474.1976499854161 436.00213581078765 436.0021354721832 477.90797897902837 436.00213550528775 482.7211738209549 436.00213506283416 479.2180557749402 error error error error -43627.682728003834 -43627.68273639198 -43627.68268518966 -40731.138424298966 -43627.68272777824 -38812.64539667066 -43627.682727770436 -40017.79078671728 error error error error 110.03066924710765 110.03066924710765 110.03066952215038 128.3199149094753 110.03066927157225 137.2437417437348 110.03066925359084 130.90602283032788 error error error error error error error error error error error error error error error error 318.6554870401558 0.0002576214494336176 1.234245477407679e-13 1.8080485588711033e-13 1.2972660312445338e-13 2.0928054453000593e-13 1.3101163269630074e-13 2.3365982825236884e-13 error error error error 4350.167471424648 0.0018939030291333925 1.0953460360951794e-12 2.2928325904558733e-12 1.1586287484988134e-12 2.744471316873387e-12 1.0796918914479647e-12 2.717159830467608e-12 error error error error , Any[], Any[])
(349 12215 2316 517 473.45389310419006 436.00238293613927 436.0023574374056 476.8677180271661 error 480.6580036099464 error 479.29465976443925 error error error error -43627.68272934329 -43627.683313836365 -43627.68072805565 -40628.317541903954 error -39580.820243910275 error -40024.79359930691 error error error error 110.03066780794025 110.03066780794025 110.03068323103095 129.20188909360954 error 133.20073532911096 error 130.66400342564955 error error error error error error error error error error error error error error error error 303.90343802663483 0.01477446179219161 1.068212262914482e-13 1.6624276564913575e-13 error 1.8244028469007805e-13 error 1.7008457305005328e-13 error error error error 4081.5720702692197 0.10981145787349766 1.0433875985427221e-12 2.3177015862074768e-12 error 2.4062973835725643e-12 error 2.4489299477181703e-12 error error error error , Any[], Any[])
(349 12215 2316 1205 484.34572957040695 458.4374191601357 458.43742091336355 486.7620372656475 error 489.75730334296884 error 488.0519621804831 error error error error -57190.63343375627 -57190.63341851686 -57190.63209225971 -54311.42865501367 error -54327.88712375107 error -54531.874758929276 error error error error 175.85204816090996 175.85204816090996 175.85205166836147 187.70787421601858 error 186.33848965455138 error 185.94291843129758 error error error error error error error error error error error error error error error error 263.27350189656335 0.0007776495264443934 1.2562472784781867e-13 2.378399356853567e-13 error 2.2827178949477666e-13 error 2.449030196922981e-13 error error error error 3371.5477169306196 0.00417529974325298 1.147359984798868e-12 2.3248070135650778e-12 error 2.255529096828468e-12 error 2.4362734052374435e-12 error error error error , Any[], Any[])
(349 12215 2316 1205 484.44993551707825 458.4389680090193 458.4391817487251 487.0729526060974 error 492.8170004343655 error 488.36706209541654 error error error error -57190.63343934635 -57190.63246500275 -57190.57475070821 -53148.27697701441 error -51954.43806150418 error -53563.704192130885 error error error error 175.85205051440087 175.85205051440087 175.85221703661276 191.81929500098488 error 194.98414352908637 error 189.58995471615208 error error error error error error error error error error error error error error error error 415.3076128366132 0.053970194873692985 2.4102313488599134e-13 3.294300933080242e-13 error 3.3727771498722724e-13 error 3.249428393925224e-13 error error error error 5091.6456883315695 0.32842903023844755 1.2685963390879351e-12 2.6201263381153694e-12 error 2.7620128406624644e-12 error 2.6481039583359234e-12 error error error error , Any[], Any[])
(349 12215 2316 3701 523.0230839189936 515.6399564460522 515.6399409931323 522.7616528541795 515.6399320843356 525.6360795184678 515.6399502091319 524.0732337189963 error error error error -98859.94035388622 -98859.94041880859 -98859.93568600161 -97618.34816304114 -98859.94035219056 -97351.05518972751 -98859.94035289032 -97775.80403765675 error error error error 301.16267539777846 301.16267539777846 301.1626867182684 304.2329595461056 301.162675479642 304.63412659470197 301.16267513798755 303.5850089068525 error error error error error error error error error error error error error error error error 128.94075227319323 0.0015469123184569393 1.4482901909757344e-13 1.4680305715061148e-13 1.550056732966899e-13 1.6838493155412242e-13 1.5477903647973615e-13 1.661304732705448e-13 error error error error 1459.420650210273 0.01677070360693972 1.218636302979803e-12 1.7690293674377244e-12 1.4468981568427353e-12 2.140732036082227e-12 1.4113710200547303e-12 1.9608759060929515e-12 error error error error , Any[], Any[])
(349 12215 2316 3701 523.2342270458969 515.6413911275981 515.6408003087233 522.4623545215134 515.6413414549536 526.2994476598498 515.6412308719266 525.5523025613504 error error error error -98859.94035727068 -98859.94003822691 -98859.7993296415 -96564.2899717107 -98859.93987088543 -96820.36979249492 -98859.93986369469 -97536.9486412472 error error error error 301.16267653832966 301.16267653832966 301.16302983836675 306.9894942632689 301.1626722406251 305.712938978109 301.16267676439907 304.26198780145495 error error error error error error error error error error error error error error error error 130.9280720552981 0.0323520850588367 2.535508171218468e-13 2.3584617993905546e-13 2.4395699202137345e-13 2.2806056418699605e-13 2.1147319866788776e-13 2.279615288825442e-13 error error error error 1601.563788156979 0.4113953530766309 1.376537772657116e-12 1.7645884753392238e-12 1.4880041643294817e-12 1.9804158313263542e-12 1.390748627372318e-12 1.9684254226604025e-12 error error error error , Any[], Any[])
(349 12215 2316 4949 540.5509207860877 535.4147476848259 535.4147340101142 539.0225110075038 535.4147635590144 543.7698818688011 535.4147609548754 542.0512522704164 error error error error -122576.30863458732 -122576.30849326948 -122576.30101996781 -121393.11913534712 -122576.3086342764 -121042.44169818636 -122576.30863437071 -121490.16641287367 error error error error 350.8532322529086 350.8532322529086 350.8532487086389 353.27498628243006 350.85323207310444 353.806902029027 350.8532319750446 353.0815458655839 error error error error error error error error error error error error error error error error 102.47332887043353 0.0007539536349717315 1.345548626035468e-13 1.4853091256311106e-13 1.4520516068404427e-13 1.678514757938156e-13 1.5941213760351372e-13 1.5091112554976764e-13 error error error error 1268.1554284722433 0.009791694031779374 1.2722045639179669e-12 1.752153977463422e-12 1.343702926703827e-12 1.9826362773756045e-12 1.4374057499821902e-12 1.8600676554569873e-12 error error error error , Any[], Any[])
(349 12215 2316 4949 541.1613680486068 535.4151337752534 535.4147913132034 540.0305775799711 535.4150252113423 544.3681331889767 535.4151191485641 543.111380470301 error error error error -122576.30863539575 -122576.3055381704 -122576.24062122275 -120360.68347020342 -122576.30855247482 -120649.87955615348 -122576.30856177668 -121338.17979710783 error error error error 350.85323467761987 350.85323467761987 350.85337772138973 355.57610486698627 350.8532317102277 354.4992954014363 350.853228309723 353.3226440742016 error error error error error error error error error error error error error error error error 114.5237586537304 0.013908883736494149 8.963791093103553e-14 1.3282555336318026e-13 1.1222026473369183e-13 1.5348069390716332e-13 9.939274340732513e-14 1.503114056464183e-13 error error error error 1408.2573198059085 0.18636289906244763 1.1987077996877815e-12 1.6779910794184616e-12 1.4669376824372193e-12 2.0874413309002193e-12 1.3381518115807012e-12 2.0230483954719602e-12 error error error error , Any[], Any[])
(349 12215 8899 517 582.3661239299299 319.13691267322196 319.13691267322196 598.0950826732824 319.13691267322196 579.094664484843 319.13691267322196 599.1413868959183 error error error error -16946.88213689601 -16946.882133712726 -16946.882133712726 -8047.289335167186 -16946.882133712726 8476.147720032439 -16946.882133712726 -2541.828020132159 error error error error 70.1339542944857 70.1339542944857 70.13395429448572 128.98576100235204 70.1339542944857 195.9500075064932 70.1339542944857 154.3892931852625 error error error error error error error error error error error error error error error error 2435.998255468684 5.741386294525648e-13 5.5306249167478824e-14 6.348646286689976e-13 2.246270052152088e-13 1.985555920304925e-12 3.0697674284999055e-13 6.945060096170516e-13 error error error error 38071.19797425662 3.5308145296397697e-12 7.036315974318086e-13 8.43902725478074e-12 1.8417212199750566e-12 1.5236034656140873e-11 1.7459089729499055e-12 9.285683333359884e-12 error error error error , Any[], Any[])
(349 12215 8899 517 590.2148047846981 319.1369127048355 319.1369127048355 597.6608557940339 319.1369127048355 577.864666184251 319.1369127048355 599.2312423517243 error error error error -16946.882139479912 -16946.882133712726 -16946.882133712726 -6095.44469778547 -16946.882133712726 10531.580093125956 -16946.882133712726 -1560.3162818443407 error error error error 70.1339542944857 70.1339542944857 70.13395429448572 139.60157717733503 70.1339542944857 203.07821080721553 70.1339542944857 159.62358861665948 error error error error error error error error error error error error error error error error 2948.3243431234164 5.787230889783314e-13 6.194010396429596e-14 1.0350276948478064e-12 3.717052562128671e-13 2.673233084816118e-12 4.18359437703471e-13 2.1211373021036322e-12 error error error error 47132.74856060156 3.605143961138424e-12 7.359390874484006e-13 1.0695666574633833e-11 1.952465966681416e-12 2.0728974092776298e-11 1.819017159121472e-12 1.2681633521083313e-11 error error error error , Any[], Any[])
(349 12215 8899 1205 585.4806243196688 348.7715380081592 348.7715380081592 594.5974508193411 348.7715380081592 575.9554293732219 348.7715380081592 594.809447613198 error error error error -23378.275173463186 -23378.275170563367 -23378.275170563367 -12357.6473807601 -23378.275170563367 2917.52303749532 -23378.275170563367 -9065.79107574784 error error error error 101.3616062693281 101.3616062693281 101.3616062693281 154.32990771718238 101.3616062693281 211.77485786002234 101.3616062693281 171.018123617391 error error error error error error error error error error error error error error error error 2390.7522335439135 3.8875295571285057e-13 5.4884761192705987e-14 5.906834736977368e-13 3.5380781697345867e-13 1.1280042788644207e-12 3.585505060564825e-13 6.999328483122974e-13 error error error error 37855.65894196193 2.508410146262463e-12 6.964151477717451e-13 7.58371143660952e-12 1.899341794953102e-12 1.3877676785511994e-11 1.7945367414284874e-12 8.704148513061227e-12 error error error error , Any[], Any[])
(349 12215 8899 1205 589.0234939235859 348.77153800313846 348.77153800313846 592.1016347648497 348.77153800313846 575.4519729988554 348.77153800313846 593.5667928531731 error error error error -23378.27517462 -23378.275170563367 -23378.275170563367 -11647.775406661205 -23378.275170563367 2560.7853008513785 -23378.275170563367 -10863.42030553556 error error error error 101.3616062693281 101.3616062693281 101.3616062693281 159.4442268808696 101.3616062693281 210.32107708244178 101.3616062693281 163.5347147370911 error error error error error error error error error error error error error error error error 2642.642426137813 3.738554749628603e-13 5.350727901001653e-14 8.437153882158271e-13 2.823122405055528e-13 1.7435768239526463e-12 2.241745797780396e-13 8.398489284635261e-13 error error error error 42261.71081935486 2.4997781622460025e-12 7.099876242477876e-13 9.176215343131844e-12 1.7028600751700651e-12 1.7649215422466114e-11 1.5947243525715749e-12 9.306111437012987e-12 error error error error , Any[], Any[])
(349 12215 8899 3701 597.8984983905949 439.98875433909774 439.98875433909774 602.3192986273252 439.98875433909774 600.0453036322822 439.98875433909774 603.6886380564184 error error error error -48229.26990116923 -48229.269898915896 -48229.269898915896 -37327.374786836925 -48229.269898915896 -29744.189923076534 -48229.269898915896 -39896.80423643982 error error error error 192.0801721619151 192.0801721619151 192.0801721619151 223.8253756823414 192.0801721619151 248.07335562010303 192.0801721619151 218.99816938418945 error error error error error error error error error error error error error error error error 1544.9082249517794 5.233967841229164e-13 2.143383061553384e-13 5.238512724339944e-13 3.416146933261406e-13 7.653953301616067e-13 1.1432156704500707e-13 5.214581278421557e-13 error error error error 23868.375815478706 4.189537605725491e-12 1.0424439089717907e-12 5.639932965095795e-12 1.911248936892207e-12 8.611444890505027e-12 1.5895618155070679e-12 5.929035040708186e-12 error error error error , Any[], Any[])
(349 12215 8899 3701 598.5827808444768 439.9887577864947 439.9887577864947 601.4331119485269 439.9887577864948 598.7459280264675 439.9887577864947 603.0220836008028 error error error error -48229.269901699015 -48229.269898915896 -48229.269898915896 -35949.09007811042 -48229.269898915896 -29303.26859403735 -48229.269898915896 -39440.185122297014 error error error error 192.0801721619151 192.0801721619151 192.0801721619151 228.77311205419525 192.0801721619151 249.37731621556887 192.0801721619151 220.4358780291272 error error error error error error error error error error error error error error error error 1557.1522999814363 5.231674437746538e-13 6.418593733527999e-14 4.622402330121414e-13 2.1517006388877563e-13 7.768982251505856e-13 1.0877062336751147e-13 4.991574571615485e-13 error error error error 24343.056180017084 3.875594289937112e-12 8.543998841759048e-13 5.702993632894504e-12 1.794037141067406e-12 9.232725695085264e-12 1.5264733921327434e-12 6.143530129065766e-12 error error error error , Any[], Any[])
(349 12215 8899 4949 605.1501891226732 476.502491172277 476.502491172277 605.612592653052 476.5024911722771 606.3192124574928 476.5024911722771 606.7512100189382 error error error error -56650.12264792687 -56650.122646057105 -56650.122646057105 -45025.984612372384 -56650.122646057105 -39909.991108348506 -56650.122646057105 -48201.1108913212 error error error error 202.38455381337394 202.38455381337394 202.38455381337394 232.2580353910586 202.38455381337394 251.79813163939866 202.38455381337394 228.6161779512171 error error error error error error error error error error error error error error error error 1308.7408833967183 9.442613686839813e-13 7.055015814893524e-14 4.341699431168144e-13 1.4353812231955095e-13 1.1651495708617968e-12 1.6273845728898556e-13 3.8685453255079635e-13 error error error error 20009.255987636032 4.41965908315467e-12 9.034162307131055e-13 5.146105763742526e-12 1.7648382755197645e-12 8.332778911324112e-12 1.681182970614259e-12 5.0597304124266884e-12 error error error error , Any[], Any[])
(349 12215 8899 4949 610.0301455445004 476.5024911742305 476.5024911742305 607.7753303594309 476.50249117423056 601.9577176367405 476.5024911742305 607.0717349209066 error error error error -56650.12264816812 -56650.122646057105 -56650.122646057105 -43272.66540196963 -56650.122646057105 -39062.57181413238 -56650.122646057105 -47991.3197946538 error error error error 202.38455381337394 202.38455381337394 202.38455381337394 236.98646584211633 202.38455381337394 253.96432542891478 202.38455381337394 229.17252914450373 error error error error error error error error error error error error error error error error 1728.6034757073999 9.468729938522094e-13 1.9398323943263303e-13 4.450930491700702e-13 2.316207158826746e-13 8.870575529215706e-13 2.394074257432739e-13 4.885514817077714e-13 error error error error 26560.533294152236 4.597655589577698e-12 1.0696998842263383e-12 5.916156453622534e-12 2.0101698083863084e-12 9.829914660031136e-12 1.9344525981068728e-12 6.338152225282556e-12 error error error error , Any[], Any[])
(349 12215 9227 517 583.0462110409783 310.4815142469924 310.4815142469924 594.6630372066074 310.48151424699245 570.3826379652165 310.4815142469924 596.4344626369311 error error error error -14579.548614921903 -14579.548611796761 -14579.548611796761 -6145.024535362007 -14579.548611796761 9035.78821822886 -14579.548611796761 -2845.4917794748912 error error error error 70.56201966676176 70.56201966676176 70.56201966676176 126.55873822137102 70.56201966676176 189.70157051966103 70.56201966676176 142.68009693915357 error error error error error error error error error error error error error error error error 2532.4106732221508 5.619952274795715e-13 5.38647343756514e-14 1.0889502088179257e-12 1.0461932131670778e-13 2.520121887536709e-12 1.806897544175325e-13 8.658180584747077e-13 error error error error 40557.18816941579 4.4740045002100715e-12 6.472877789320819e-13 9.741984996480824e-12 1.4498124922823763e-12 1.8564705328572018e-11 1.5120404928126163e-12 9.607870055106105e-12 error error error error , Any[], Any[])
(349 12215 9227 517 592.7826190903244 310.4815142636304 310.4815142636304 596.5846749910298 310.4815142636304 571.0266107184424 310.4815142636304 593.6187903950001 error error error error -14579.548616693226 -14579.548611796761 -14579.548611796761 -4797.233532569716 -14579.548611796761 11729.836299145607 -14579.548611796761 122.04060604538518 error error error error 70.56201966676176 70.56201966676176 70.56201966676176 133.7904678236055 70.56201966676176 199.23961829236612 70.56201966676176 156.57382735395421 error error error error error error error error error error error error error error error error 2990.8655529496427 5.648155168101121e-13 6.297957842182056e-14 8.702544206229645e-13 9.810419732750888e-14 1.3431083584713301e-12 1.891996938979733e-13 1.1787874616173448e-12 error error error error 47987.69666248022 4.331451863848201e-12 7.174538740883918e-13 1.021671636181054e-11 1.4051260155412137e-12 1.720723563636284e-11 1.4962198147117078e-12 1.1192602400456053e-11 error error error error , Any[], Any[])
(349 12215 9227 1205 590.9916598123674 346.4925944539585 346.4925944539585 597.5001765103165 346.4925944539585 575.4130455829695 346.4925944539585 598.7054493868261 error error error error -21216.75080722442 -21216.750804221207 -21216.750804221207 -12763.706159490304 -21216.750804221207 1911.2469129669364 -21216.750804221207 -9780.760710264112 error error error error 99.2571522506854 99.2571522506854 99.2571522506854 141.253758580874 99.2571522506854 201.42237510288766 99.2571522506854 157.87368999789516 error error error error error error error error error error error error error error error error 2359.7977160978744 8.049880592950712e-13 1.4304430470377303e-13 6.190463412092827e-13 2.1241030704557334e-13 1.1512716844834655e-12 2.8195407772758647e-13 6.5903201583181e-13 error error error error 37389.19298102288 5.175374018229206e-12 8.520267824607686e-13 8.021139308311831e-12 1.715363961984906e-12 1.3993917136190248e-11 1.747671452001498e-12 8.450795618841767e-12 error error error error , Any[], Any[])
(349 12215 9227 1205 592.4187223941852 346.4925944570624 346.4925944570624 596.8342861202283 346.4925944570624 574.4577520724528 346.4925944570624 596.651003212859 error error error error -21216.7508089737 -21216.750804221207 -21216.750804221207 -11336.576520584082 -21216.750804221207 2406.540682233912 -21216.750804221207 -9478.008813985667 error error error error 99.2571522506854 99.2571522506854 99.2571522506854 149.1387607350848 99.2571522506854 201.66971560347775 99.2571522506854 158.84013871579646 error error error error error error error error error error error error error error error error 2700.7494490032045 8.036797156053266e-13 5.052594369070025e-14 7.410759895849789e-13 1.2844323187712458e-13 1.3578278682620473e-12 2.451300911411593e-13 7.986791654707008e-13 error error error error 43341.140434043504 5.429101612719478e-12 6.692424392440444e-13 9.558576152812748e-12 1.4920287227937479e-12 1.6969536886790593e-11 1.6090462295892394e-12 1.021005502366279e-11 error error error error , Any[], Any[])
(349 12215 9227 3701 610.307185433324 440.74114264294093 440.74114264294093 609.5790764894161 440.74114264294104 601.7418208989185 440.741142642941 610.2589903254593 error error error error -43317.34719279635 -43317.347190238994 -43317.347190238994 -33243.553087018285 -43317.347190238994 -25865.058357289716 -43317.347190238994 -34775.88016621635 error error error error 167.34112982413052 167.34112982413052 167.34112982413052 198.0399528771472 167.34112982413052 227.1133115168257 167.34112982413052 198.92646424510198 error error error error error error error error error error error error error error error error 1680.23291270498 8.868354991366139e-13 7.170795174653764e-14 6.606551680505145e-13 1.338778472697819e-13 1.2915065207216678e-12 1.0852184805871106e-13 6.993111085057397e-13 error error error error 26160.065138236274 5.88176729543477e-12 9.140188605982758e-13 6.194378343593598e-12 1.6377732503514153e-12 1.1112888387287967e-11 1.5148160503741792e-12 6.263212171120358e-12 error error error error , Any[], Any[])
(349 12215 9227 3701 612.2273412253488 440.7411426458159 440.7411426458159 609.0701712585758 440.74114264581596 599.3770439125899 440.74114264581596 611.0566849937313 error error error error -43317.3471926616 -43317.347190238994 -43317.347190238994 -30031.719616387018 -43317.347190238994 -24517.108370783815 -43317.347190238994 -33043.01990234353 error error error error 167.34112982413052 167.34112982413052 167.34112982413052 209.42120175186287 167.34112982413052 230.5926333175054 167.34112982413052 204.80742749582288 error error error error error error error error error error error error error error error error 2039.9504469432636 8.679943792457037e-13 1.267243140014341e-13 5.246975092733611e-13 1.0881460411389963e-13 1.3216608577138778e-12 9.682119115103038e-14 5.856749199939749e-13 error error error error 31595.413084528223 5.619310572413383e-12 9.794109967486975e-13 6.98574531554641e-12 1.5474566072981588e-12 1.3537615473069309e-11 1.3560541578527818e-12 7.40763006490397e-12 error error error error , Any[], Any[])
(349 12215 9227 4949 609.5711984256551 477.02595914678454 477.0259591467845 608.3026666867366 477.02595914678454 603.1789282713422 477.02595914678454 609.052914529262 error error error error -53987.048794283604 -53987.04879231106 -53987.04879231106 -42607.477358943885 -53987.04879231106 -40746.498906517954 -53987.04879231106 -47130.76616847844 error error error error 194.01630369125036 194.01630369125036 194.01630369125036 224.64940645331146 194.01630369125036 235.01758878057439 194.01630369125036 216.50449844500878 error error error error error error error error error error error error error error error error 1420.5327478002725 9.282003130925998e-13 7.567000701754048e-14 5.154329693082715e-13 2.5713149343390486e-13 8.702779956466983e-13 1.3972086190361482e-13 4.0756043776565315e-13 error error error error 22023.067011670646 5.181688411681762e-12 9.629519404086295e-13 5.582867501630062e-12 1.7726375922677562e-12 8.333445045138888e-12 1.704136831648384e-12 5.401901148616162e-12 error error error error , Any[], Any[])
(349 12215 9227 4949 611.7295905806652 477.0259591610843 477.0259591610843 610.6328869575499 477.0259591610843 597.3840088505855 477.0259591610843 608.3005568095328 error error error error -53987.048795180846 -53987.04879231106 -53987.04879231106 -39050.871482948925 -53987.04879231106 -38816.077242842504 -53987.04879231106 -45042.94553380534 error error error error 194.01630369125036 194.01630369125036 194.01630369125039 235.726102241327 194.01630369125036 240.82054603392936 194.01630369125036 223.28876713609105 error error error error error error error error error error error error error error error error 1920.6326519581135 9.340277042847852e-13 8.46890792847333e-14 5.290242885155593e-13 3.8359375956853965e-13 1.276746249744961e-12 1.7085295315822413e-13 5.407662382801653e-13 error error error error 30853.178225513497 5.299538585745722e-12 9.44966327409702e-13 6.789013795582832e-12 1.963318396747127e-12 1.1702083746456537e-11 1.8074430840897548e-12 7.134959290056031e-12 error error error error , Any[], Any[])
(349 39437 3607 1671 810.6236895676742 785.9582298193977 785.9582291615444 814.5789323988772 785.9582310726964 817.3779836829709 785.9582307536725 814.5637842868856 error error error error -158696.83160760227 -158696.8315953419 -158696.8315680397 -153773.40119538017 -158696.83160730771 -153370.92559566753 -158696.83160730463 -155265.53637332268 error error error error 207.51935457521077 207.51935457521077 207.51935467500502 225.71907659391437 207.51935453086477 224.6830444609167 207.5193545581157 218.31979557082875 error error error error error error error error error error error error error error error error 366.6297552742103 0.0004041495966593134 2.1972909650151293e-13 5.048289449521308e-13 2.145227272225667e-13 4.763852507966997e-13 2.367045999985044e-13 4.727617485003383e-13 error error error error 4828.540786060406 0.003568600267260802 2.1957990981036346e-12 6.1812777119030216e-12 2.228217610422689e-12 6.014966302814173e-12 2.254418873803843e-12 5.841771510972649e-12 error error error error , Any[], Any[])
(349 39437 3607 1671 809.8047154594432 785.9586718498067 785.9587151946289 814.0860101076645 785.9595515828023 816.5253577759788 785.9589915178776 814.0577728428004 error error error error -158696.83161377916 -158696.8283129228 -158696.80873879834 -153548.21690281693 -158696.8299973116 -153201.30307999506 -158696.82880635545 -154353.98275577655 error error error error 207.51935817610416 207.51935817610416 207.51942199769113 227.0086708527407 207.51934996792704 225.08840102129463 207.51935532023285 222.26665382565662 error error error error error error error error error error error error error error error error 380.9627653439447 0.1108140774396648 1.4904788555796518e-13 4.560326451229104e-13 1.5230435041519734e-13 4.318072264760601e-13 1.9485995532272487e-13 4.3139735363230476e-13 error error error error 4781.132588954893 0.6400321474565495 1.990740905455368e-12 6.048272993552928e-12 1.9307888621256097e-12 5.7418514387563846e-12 2.2769564012037335e-12 5.744515974015485e-12 error error error error , Any[], Any[])
(349 39437 3607 3893 835.4572824295059 815.3468581228011 815.3468582914704 837.7876316047485 error 839.9616116600611 error 838.4526213714062 error error error error -201913.88723344167 -201913.88721370112 -201913.8868595365 -197348.43149375176 error -197295.40635032454 error -198724.90961755303 error error error error 317.48211397819546 317.48211397819546 317.48211464271134 329.52347279114366 error 327.55211936001564 error 324.4584439239021 error error error error error error error error error error error error error error error error 296.75839665014394 0.00034958354348402806 3.160908679410903e-13 5.494357240665675e-13 error 5.130780606807118e-13 error 4.74750162933935e-13 error error error error 3799.702038596226 0.0022907563985820056 2.202349413948923e-12 6.289191389896587e-12 error 6.0538241086760536e-12 error 5.6989968300058536e-12 error error error error , Any[], Any[])
(349 39437 3607 3893 834.9987700336967 815.3462561102202 815.3463252179639 837.136569161836 error 840.2181148176562 error 838.7050111104005 error error error error -201913.88723948481 -201913.87964727526 -201913.88310476078 -197838.93513347674 error -197878.69978583793 error -198451.64845658137 error error error error 317.48211925018916 317.48211925018916 317.4821116898199 327.88126201010596 error 326.5143743140055 error 325.31895900480396 error error error error error error error error error error error error error error error error 309.3163494500174 0.10777929726221692 5.685241377455467e-13 5.327877820166398e-13 error 5.037944004245188e-13 error 5.73908205697218e-13 error error error error 3757.637103141267 0.6496588494500838 2.741695759311824e-12 5.374811706815308e-12 error 5.140332604014475e-12 error 5.10658182406587e-12 error error error error , Any[], Any[])
(349 39437 3607 11950 915.2917754337666 912.6763915142292 912.6763890211764 915.1410079630075 error 916.1318792145444 error 915.6869048189185 error error error error -352471.0617244583 -352471.06176726357 -352471.0599826636 -351742.1261540138 error -351629.35450032435 error -351775.63579474244 error error error error 561.4247924309528 561.4247924309528 561.4247952103862 562.523153527693 error 562.5681963442253 error 562.3704240541207 error error error error error error error error error error error error error error error error 78.8359688184426 0.0003923914669609085 7.618561370025678e-13 8.123849861064702e-13 error 8.24389660948301e-13 error 8.045918850890863e-13 error error error error 934.2607095327288 0.004861014247732998 3.0733193767673583e-12 4.616085291786476e-12 error 4.777733764171899e-12 error 4.6058712399599244e-12 error error error error , Any[], Any[])
(349 39437 3607 11950 915.2605182765685 912.6764518175191 912.6763970247848 915.3145132128355 error 916.5621805651477 error 916.2493478123426 error error error error -352471.0617244824 -352471.0624263415 -352471.0231705338 -350913.57955167297 error -350962.1372185717 error -351451.4851462272 error error error error 561.4247921143686 561.4247921143686 561.4248512331554 563.7313495797993 error 563.3900920201623 error 562.7683010345504 error error error error error error error error error error error error error error error error 108.59687626721475 0.006439853202930272 1.6851956763692665e-13 3.522241293341492e-13 error 3.402837011622402e-13 error 3.541255045550069e-13 error error error error 1269.773916487149 0.0874218963505633 2.3010482408380994e-12 4.546363285840016e-12 error 4.3505199442961384e-12 error 4.381162099775793e-12 error error error error , Any[], Any[])
(349 39437 3607 15980 965.4688980562722 963.0313135886067 963.0313052828456 965.1888629198139 error 965.9840744378553 error 966.1992768087349 error error error error -440032.6116423743 -440032.6116461565 -440032.6068089163 -438897.52411407133 error -439105.75542776316 error -439328.422972612 error error error error 650.8698870423077 650.8698870423077 650.869892796622 652.319619745749 error 651.8645258749061 error 651.6375586207284 error error error error error error error error error error error error error error error error 80.51356090916158 0.0011177231425974037 4.73867118011016e-13 5.842438303022382e-13 error 5.435564398021878e-13 error 5.548321543155185e-13 error error error error 920.0864950104612 0.011983350528320003 2.8315128020039992e-12 4.459321800709404e-12 error 4.555689159246867e-12 error 4.29234425780578e-12 error error error error , Any[], Any[])
(349 39437 3607 15980 965.4943558233815 963.0313558544476 963.0313267715563 965.2674131722212 error 966.9034601449569 error 966.0004854742391 error error error error -440032.6116423871 -440032.6116674401 -440032.582096109 -438747.75499764207 error -438809.2057521272 error -439127.25205447525 error error error error 650.8698870298742 650.8698870298742 650.8699257669672 652.4796238280926 error 652.1877652132538 error 651.8097258117726 error error error error error error error error error error error error error error error error 101.59349718724513 0.004887596818024808 3.4640403051473127e-13 4.3224659645575585e-13 error 4.3952107226463755e-13 error 4.687505710598812e-13 error error error error 1144.1691783052902 0.06333251000059881 2.7819968551057173e-12 4.390043883972794e-12 error 4.580114065788621e-12 error 4.726219415829291e-12 error error error error , Any[], Any[])
(349 39437 7478 1671 853.6411908058028 738.2689582155484 738.2689582155484 874.2538822751101 738.2689582155484 892.2016762282805 738.2689582155484 877.7367137413468 error error error error -144134.95759398435 -144134.957590973 -144134.957590973 -118520.47353199341 -144134.957590973 -106132.53505632331 -144134.957590973 -123916.98381638872 error error error error 208.38649374316597 208.38649374316597 208.38649374316597 286.99772516667764 208.38649374316597 313.94579341318575 208.38649374316597 268.27090589478104 error error error error error error error error error error error error error error error error 1599.6325063546042 2.211124549056464e-13 1.597717881369261e-13 1.0773460303726925e-12 1.3627924315019419e-13 1.1259628385332924e-12 1.417350147955806e-13 1.100328210839718e-12 error error error error 24564.684447973603 2.728761661074941e-12 1.9632628855958956e-12 1.3679057886406554e-11 1.8006152124883101e-12 1.4886980537198724e-11 1.8046120153769607e-12 1.3464562798048973e-11 error error error error , Any[], Any[])
(349 39437 7478 1671 854.840675571928 738.2689576731134 738.2689576731134 883.5829028651928 738.2689576731134 906.6128922757624 738.2689576731134 884.0325065250835 error error error error -144134.95759490773 -144134.957590973 -144134.957590973 -107226.76345609858 -144134.957590973 -88665.06167254187 -144134.957590973 -113587.02671292884 error error error error 208.38649374316597 208.38649374316597 208.38649374316597 312.7669814477617 208.38649374316597 349.6282062705027 208.38649374316597 293.0773359855535 error error error error error error error error error error error error error error error error 2368.950022035635 3.753245760136959e-13 1.6957948941915354e-13 1.3081804397850311e-12 1.3134034575265977e-13 1.9453476103203797e-12 1.6479739736044928e-13 1.1364841360850546e-12 error error error error 35849.702545872045 3.385181024384565e-12 2.1046497877819093e-12 1.6574075445419112e-11 1.8233192733418946e-12 1.996158793815539e-11 2.032041201971424e-12 1.5443424317140853e-11 error error error error , Any[], Any[])
(349 39437 7478 3893 877.5715030131221 779.4091631187597 779.4091631137225 894.2594502635417 779.4091630585333 912.2840452415804 779.4091630585333 897.0043706755323 error error error error -186872.96795412025 -186872.96795090652 -186872.96795011347 -161063.2917937739 -186872.96795147198 -153240.51030537637 -186872.96795147198 -168040.08339686043 error error error error 310.8341827547835 310.8341827547835 310.83418275520603 369.16818156076175 310.8341827537955 381.4306607375661 310.8341827537955 350.4732522249229 error error error error error error error error error error error error error error error error 1434.7845677049263 1.4143551399403244e-5 6.668278722585437e-13 1.1281785491082235e-12 6.393445916466872e-13 1.1771027456993986e-12 6.391866382177687e-13 1.0801949707000433e-12 error error error error 21833.5400466542 2.824654709548957e-5 2.452094083338352e-12 1.3855139258112104e-11 2.516709063371536e-12 1.460431775512916e-11 2.502498208656334e-12 1.3116840946736374e-11 error error error error , Any[], Any[])
(349 39437 7478 3893 877.7491643396934 779.4136434242436 779.413191049678 899.2147052745836 779.4030498051487 923.3982844071139 779.4030498051487 902.5533097146626 error error error error -186872.97350651296 -186872.85812186555 -186872.3355469314 -148744.0383829198 -186872.07339025082 -137869.01404230163 -186872.07339025082 -160371.4452657483 error error error error 310.83426046538375 310.83426046538375 310.8355399092435 393.4015794805746 310.83570033500416 409.87580219987575 310.83570033500416 366.2959425475688 error error error error error error error error error error error error error error error error 2037.3485545595504 2.610460329520267 1.5158543408085013e-13 1.0964542356251829e-12 1.3627464161761705e-13 1.263084687182821e-12 1.326846343779846e-13 1.1175822829700963e-12 error error error error 30145.722159342713 5.213435464282327 1.7105206140399787e-12 1.4302781181640967e-11 1.7005286068183523e-12 1.7108092720263812e-11 1.6792123247455493e-12 1.4295675754283366e-11 error error error error , Any[], Any[])
(349 39437 7478 11950 940.4914421324399 888.6641393002609 888.6641375632933 945.9141508467746 888.6641369623145 954.7237751503795 888.6641366954246 948.5368047140129 error error error error -323505.008689676 -323505.00866885466 -323505.0084135807 -307932.588815357 -323505.00868847687 -309341.2455764703 -323505.0086884929 -314521.55944322044 error error error error 536.2756902858782 536.2756902858782 536.2756905560839 557.7284117202806 536.2756902806054 554.7252203585675 536.2756902763408 548.2234472090078 error error error error error error error error error error error error error error error error 786.47983299459 0.0004880808445091506 3.243940211510394e-13 7.438554249931001e-13 2.904380779131189e-13 7.217929691789771e-13 3.088112834014272e-13 7.159814771683013e-13 error error error error 10902.154734862208 0.0020704752314797403 2.5006663406657026e-12 9.68625180064464e-12 2.4282797994601424e-12 9.700906744569693e-12 2.4416024757556443e-12 9.238165787905928e-12 error error error error , Any[], Any[])
(349 39437 7478 11950 939.7151519496421 888.6651395583568 888.6647773144937 945.1705688151997 888.6661277577122 950.3129716226782 888.6668091441594 947.8914069097272 error error error error -323505.00872348115 -323505.00095026364 -323504.62101553497 -306111.37521461945 -323504.99691493565 -311888.6886772748 -323504.99088626436 -314629.4510584888 error error error error 536.2756934650898 536.2756934650898 536.2763070525322 561.5646006304218 536.2757032677679 550.9648943449639 536.2757114775002 548.0533136598118 error error error error error error error error error error error error error error error error 685.0874595128251 0.22960245410145225 6.071777241119292e-13 8.119720967929577e-13 6.151365875485928e-13 7.49630018370263e-13 5.990394006684132e-13 7.081664236995231e-13 error error error error 10235.053331442985 0.9410407537861637 3.0436764220098667e-12 9.976908188491507e-12 2.8942404028953206e-12 9.9271701969883e-12 2.8151925235420094e-12 8.851142041521598e-12 error error error error , Any[], Any[])
(349 39437 7478 15980 980.403368618058 951.4772231936953 951.477215612996 981.7119456907257 error 985.9405365158062 error 983.2263836381588 error error error error -400346.3144851583 -400346.31452293333 -400346.3116261778 -387924.20766878536 error -394021.24260328873 error -395178.2078553016 error error error error 623.3831877611419 623.3831877611419 623.3831912059165 638.5118333288111 error 630.1588325457569 error 629.0669998660748 error error error error error error error error error error error error error error error error 511.8582376311545 0.0009236384173996533 2.352074032461521e-13 6.805846802730929e-13 error 6.294087275241568e-13 error 6.026940558967141e-13 error error error error 6627.892372099192 0.003978296482043786 2.7869373475652992e-12 8.3304474429724e-12 error 8.358869152402804e-12 error 7.874811913666235e-12 error error error error , Any[], Any[])
(349 39437 7478 15980 980.766286855421 951.4766812762199 951.4764570076131 982.3919180940925 error 986.4750014579937 error 984.8124062404975 error error error error -400346.3144896081 -400346.313360911 -400346.20564638707 -387281.243270078 error -394861.0701917931 error -395245.26304384717 error error error error 623.3831881780904 623.3831881780904 623.3833325083855 639.5766863921993 error 629.3019021965714 error 629.0632737022205 error error error error error error error error error error error error error error error error 520.4839279849277 0.03350946374876184 5.871916469340118e-13 9.035416516439112e-13 error 9.653039271416451e-13 error 9.343498196336614e-13 error error error error 6653.127077070812 0.16035522185515105 3.089861699834273e-12 8.736567025380282e-12 error 8.819611707622244e-12 error 8.22408807721331e-12 error error error error , Any[], Any[])
